"","x"
"1","100monkeystyping.com"
"2","12thharmonic.com/wordpress"
"3","750volts.blogspot.com"
"4","95theses.blogspot.com"
"5","abbadabbaduo.blogspot.com"
"6","aboutpolitics.blogspot.com"
"7","achingandspinning.blogspot.com"
"8","ackackack.com"
"9","adamtalib.blogspot.com"
"10","adviceforlefty.blogspot.com"
"11","agonist.org"
"12","aintnobaddude.com"
"13","ajbenjaminjr.blogspot.com"
"14","alicublog.blogspot.com"
"15","allanjenkins.typepad.com"
"16","allspinzone.blogspot.com"
"17","alphapredator.com/wdtgw.htm"
"18","alternateworlds.blogspot.com"
"19","althippo.blogspot.com"
"20","alvintostig.typepad.com"
"21","americablog.blogspot.com"
"22","americablog.org"
"23","americanmuslim.blogs.com"
"24","americanpolitics.com"
"25","americansforbayh.blogspot.com"
"26","amleft.blogspot.com"
"27","amliberal.com/blog"
"28","amptoons.com/blog"
"29","anarchyxero.robfindlay.org"
"30","andifeelfine.blogspot.com"
"31","andymatic.com"
"32","angrybear.blogspot.com"
"33","angrydesi.typepad.com"
"34","angryfinger.org"
"35","angryhomo.blogspot.com"
"36","annatopia.com/home.html"
"37","anoldsoul.blogspot.com"
"38","anonymoussources.blogspot.com"
"39","answerguy.blogspot.com"
"40","anybodybutbushyall.blogspot.com"
"41","anywhichway.net"
"42","arancaytar.blogspot.com"
"43","archpundit.com"
"44","arkansastonight.com"
"45","askhoudari.blogspot.com"
"46","astroturf.uni.cc"
"47","atease.blogspot.com"
"48","atrios.blogspot.com"
"49","atrios.blogspot.com/ "
"50","awards5.tripod.com/tarasblog"
"51","b-patton.blogspot.com"
"52","bakshi.us/redskunk"
"53","barkingdingo.blogspot.com"
"54","bartcop.com"
"55","battleground-wisconsin.blogspot.com"
"56","battlegroundstates.blogspot.com"
"57","beastsbelly.blogspot.com"
"58","bentcorner.blogspot.com"
"59","bettyblog.com"
"60","billmon.org"
"61","billsrants.blogspot.com"
"62","blog.dccc.org"
"63","blog.dennisfox.net"
"64","blog.glinka.com"
"65","blog.johnkerry.com"
"66","blog.kenlan.net"
"67","blog.mintruth.com"
"68","blog.veggiedude.com"
"69","blog01.kintera.com/dnccblog"
"70","blog01.kintera.com/emilysblog"
"71","bloganonymous.com"
"72","blogforamerica.com"
"73","blogforarizona.com"
"74","blogfreeordie.blogspot.com"
"75","blogitics.com"
"76","blogs.salon.com/0002874"
"77","blogs.salon.com/0003364"
"78","blogslut.com"
"79","blosteam.blogspot.com"
"80","bluegrassroots.blogspot.com"
"81","bluelemur.com"
"82","blueoregon.com"
"83","bluestateredstate.blogspot.com"
"84","bodyandsoul.typepad.com"
"85","boffo.typepad.com"
"86","boloboffin.blogspot.com"
"87","bopnews.com"
"88","boston.com/news/blogs/dnc"
"89","bowles2004.com/weblog"
"90","boycottsbg.com"
"91","bradcarson.com/blog"
"92","bradfriedman.com/bradblog"
"93","brilliantatbreakfast.blogspot.com"
"94","browncross.com/usualsuspects"
"95","btcnews.com/btcnews"
"96","bullmooseblog.com"
"97","burntorangereport.com"
"98","bushlies.net/pages/10/index.htm"
"99","bushmisunderestimated.blogspot.com"
"100","busybusybusy.com"
"101","buzzmachine.com"
"102","carpetblogger.com"
"103","cbaker.org/blog"
"104","cemonitor.blogspot.com"
"105","centerpiece.blogspot.com"
"106","changeforamerica.com/blog"
"107","charleypatton.blogspot.com"
"108","charlineandjamie.com/dotnetweb01a/blogdisplay.aspx?logname=jamie&#38;logcatid=48"
"109","chepooka.com"
"110","chiron.typepad.com"
"111","churchofcriticalthinking.com"
"112","clarified.blogspot.com"
"113","claudialong.com/blog"
"114","cleancutkid.com"
"115","collegedems.com/blog"
"116","conniptions.net"
"117","conservativessuck.blogspot.com"
"118","contrapositive.blogspot.com"
"119","corrente.blogspot.com"
"120","counterspin.blogspot.com"
"121","crankylittleblog.blogspot.com"
"122","criticalviewer.com"
"123","crookedtimber.org"
"124","crooksandliars.com"
"125","dailyblatt.blogspot.com"
"126","dailyhowler.com"
"127","dailykos.com"
"128","dailywarnews.blogspot.com"
"129","damntheman.net"
"130","dashnier.blogspot.com"
"131","davidsirota.com"
"132","dawnofnewamerica.blogspot.com"
"133","deathpenaltyusa.blogspot.com"
"134","debunker.net"
"135","dedspace.blogspot.com"
"136","delraysteve.com/blog"
"137","demagogue.blogspot.com"
"138","demleft.blogspot.com"
"139","democraticunderground.com"
"140","democratreport.blogspot.com"
"141","democrats.org/blog"
"142","democratvoice.org"
"143","dems2000.net"
"144","dems2004.org/blog"
"145","denisdekat.com"
"146","dewar.journalspace.com"
"147","digbysblog.blogspot.com"
"148","digestiblenews.blogspot.com"
"149","digitaljay.blogspot.com"
"150","dimmykarras.blogspot.com"
"151","dir.salon.com/topics/joe_conason/index.html"
"152","discourse.net"
"153","diypolitics.blogdrive.com"
"154","dneiwert.blogspot.com"
"155","dogfight04.typepad.com"
"156","dohiyimir.typepad.com"
"157","dolphinsdock.com/blog"
"158","donkey2004.blogspot.com"
"159","donspoliticalblog.blogspot.com"
"160","duckdaotsu.blogspot.com"
"161","dystopia.blog-city.com"
"162","eastbaykerry.com"
"163","elayneriggs.blogspot.com"
"164","elderbearden.blogspot.com"
"165","electablog.com"
"166","elemming2.blogspot.com"
"167","elissa.typepad.com"
"168","eltcamerica.blogspot.com"
"169","emergingdemocraticmajority.com"
"170","emergingdemocraticmajorityweblog.com/donkeyrising"
"171","emptyisform.com"
"172","endthenightmare.blogspot.com"
"173","enemykombatant.blogspot.com"
"174","ergio.blogspot.com"
"175","estropundit.blogspot.com"
"176","etherealgirl.blogspot.com"
"177","fafblog.blogspot.com"
"178","fairshot.org"
"179","farleft.blogspot.com"
"180","fiercepoet.com"
"181","flagrancy.net"
"182","folkbum.blogspot.com"
"183","forewarned.blogspot.com"
"184","frederickclarkson.com"
"185","fromtheroots.org"
"186","fuckthisblog.blogspot.com"
"187","gadflyer.com"
"188","garbage-house.com"
"189","georgewbuy.blogspot.com"
"190","gisleson.com/blog"
"191","global-equality.org/news/blog/index.shtml"
"192","goose3five.blogspot.com"
"193","grassrootsmom.blogspot.com"
"194","grassrootsnation.com"
"195","greaterdemocracy.org"
"196","greendogdemocrat.blogspot.com"
"197","gregpalast.com"
"198","grupo-utopia.com/blog/isou"
"199","hal9000report.blogdrive.com"
"200","hategun.com"
"201","hellafaded.blogspot.com"
"202","hellskitchennyc.blogspot.com"
"203","hereswhatsleft.typepad.com"
"204","hereswhatsleft.typepad.com/home"
"205","higherpieproductions.com"
"206","home.att.net/~gentle.reader"
"207","home.earthlink.net/~fsrhine"
"208","home.earthlink.net/~kevin.omeara"
"209","home.houston.rr.com/skeptical"
"210","homepage.mac.com/elisa_camahort/iblog"
"211","hotflashesfromthecampaigntrail.blogspot.com"
"212","hotflashreport.com"
"213","howienfriends.blogspot.com"
"214","hugozoom.blogspot.com"
"215","ibe.blogspot.com"
"216","ibrutus.com"
"217","iddybud.blogspot.com"
"218","idiosyncratictendencies.com"
"219","idlehandsmag.com/yellowdog04"
"220","iflipflop.com"
"221","ignatz.blogspot.com"
"222","ihatepatrobertson.com"
"223","ilovecynics.com"
"224","insanepreschoolmom.blogspot.com"
"225","interestingtimes.blogspot.com"
"226","interestingtimes.typepad.com"
"227","ironmouth.com"
"228","irregulartimes.com/blogger.html"
"229","islanddave.blogspot.com"
"230","itlookslikethis.blogeasy.com"
"231","ivotedforgeorge.com"
"232","iwantmycountryback.org"
"233","j-bradford-delong.net/movable_type"
"234","jadbury.com"
"235","jadbury.com/blog"
"236","jadedreality.blogspot.com"
"237","jameswolcott.com"
"238","janm.blogspot.com"
"239","jbcougar.blogspot.com"
"240","jdeeth.blogspot.com"
"241","jeremybrendan.blogspot.com"
"242","jetage.blogspot.com"
"243","jewssansfrontieres.blogspot.com"
"244","jimgilliam.com"
"245","jimtreacher.com"
"246","jinkythecat.blogspot.com"
"247","jmbzine.com"
"248","joebrent.blogspot.com"
"249","john.hoke.org"
"250","johnmccrory.com"
"251","johnnynobody.blogspot.com"
"252","journals.aol.com/breuvers/madashellnotgoingtotakeitanymore"
"253","juancole.com"
"254","julietterossant.com/superchefblog/superchefblog.html"
"255","juliusblog.blogspot.com"
"256","justmark.com"
"257","karlhenderson.blogspot.com"
"258","karmicsoup.blogspot.com"
"259","kcdems.blogspot.com"
"260","kensain.com"
"261","kerryforpresident2008.blogspot.com"
"262","kicktheleftist.blogspot.com"
"263","kiosan.blogharbor.com"
"264","kippsblog.com"
"265","kurtkk.blogspot.com"
"266","kydem.blogspot.com"
"267","lastdaysoftherepublic.fatoprofugus.net"
"268","lawdork.blogspot.com"
"269","leanleft.com"
"270","left2right.typepad.com"
"271","lefterer.com"
"272","lefti.blogspot.com"
"273","leftinthereign.blogspot.com"
"274","leftthought.blogspot.com"
"275","lefttimes.com"
"276","leftwingnation.com"
"277","lendmesomesugar.blogs.com/shut_up_already"
"278","lennonreport.blogspot.com"
"279","leonards-digest.blogspot.com"
"280","liberalangst.org"
"281","liberalavenger.com"
"282","liberaleric.blogspot.com"
"283","liberaloasis.com"
"284","liberalreview.blogspot.com"
"285","liberalthunderdome.blogspot.com"
"286","lightupthedarkness.org"
"287","lightupthedarkness.org/blog/default.asp"
"288","limericksavant.blogspot.com"
"289","liquidlist.com"
"290","livejournal.com/users/hoptkov"
"291","livejournal.com/users/jmhm"
"292","loadedmouth.com"
"293","lorenjavier.blogspot.com"
"294","loud-liberal.blogspot.com"
"295","loveamericahatebush.com"
"296","lowrentrat.blogdrive.com"
"297","ltobs.blogspot.com"
"298","ludis.blogspot.com"
"299","ludovicspeaks.typepad.com"
"300","ludovicspeaks.typepad.com/real_deal"
"301","madkane.com/notable.html"
"302","maggiespants.co.uk"
"303","mahablog.com"
"304","marcbrazeau.blogspot.com"
"305","margaretcho.com/blog/blog.htm"
"306","margieburns.com"
"307","markadams.blogdrive.com"
"308","markarkleiman.com"
"309","markschmitt.typepad.com/decembrist"
"310","markwarnerforpresident2008.blogspot.com"
"311","maruthecrankpot.blogspot.com"
"312","massachusetts-liberal.com"
"313","mathewgross.com"
"314","mathewgross.com/blog"
"315","matthewyglesias.com"
"316","maultasch.us"
"317","maxspeak.org/mt"
"318","mayflowerhill.blogspot.com"
"319","mcwil.blogspot.com"
"320","meanspirit.blogspot.com"
"321","meateatingleftist.com"
"322","mediajunkie.com/edgewise"
"323","mediaprima.com/nv1962"
"324","messengerpuppet.com/blog"
"325","metropol47.blogspot.com"
"326","michael124.blogspot.com"
"327","michaelberube.com"
"328","michaelphillips.blogspot.com"
"329","mickikrimmel.com/redcarpet"
"330","midguard.blogspot.com"
"331","minagahet.blogspot.com"
"332","mirocat.com"
"333","misschin.bloggage.com"
"334","mixtersmix.blogspot.com"
"335","montages.blogspot.com"
"336","moxiegrrrl.com"
"337","mrleft.org"
"338","msnbc.msn.com/id/3449870"
"339","mstabile.blogspot.com"
"340","mydd.com"
"341","myleftbrain.com"
"342","myleftthoughts.blogspot.com"
"343","mysterypollster.com/main"
"344","nastyboys.blogspot.com"
"345","nathancallahan.com"
"346","nathannewman.org/log"
"347","nationalreview.com/frum/frum-diary.asp"
"348","ndnblog.org"
"349","nearouterheaven.blogspot.com"
"350","nebursworld.blogspot.com"
"351","needlenose.com"
"352","nerofiddled.blogspot.com"
"353","netpolitik.blogspot.com"
"354","netweed.com/postmodernanarchist"
"355","newappeal.blogspot.com"
"356","newdemocrat.blogdrive.com"
"357","newdonkey.com"
"358","newleftblogs.blogspot.com"
"359","nielsenhayden.com/electrolite"
"360","nielsenhayden.com/makinglight"
"361","njfordemocracy.org"
"362","node707.com"
"363","nofearoffreedom.blogspot.com"
"364","nomoremister.blogspot.com"
"365","norbizness.com"
"366","noseyonline.com"
"367","nosmallplans.com/rants"
"368","notbush.com"
"369","notgeniuses.com"
"370","nycitystoop.com"
"371","obamablog.com"
"372","obsidianwings.blogs.com"
"373","oddhours.blogspot.com"
"374","offthekuff.com/mt"
"375","oipp.blogspot.com"
"376","oliverwillis.com"
"377","one38.org"
"378","openeyesmemo.com"
"379","orient-lodge.com"
"380","ospolitics.org"
"381","oxblog.blogspot.com"
"382","pacdaily.com"
"383","pacificviews.org"
"384","pandagon.net"
"385","parabasis.typepad.com"
"386","patriotboy.blogspot.com"
"387","pattymurray.com/blog.php"
"388","paulchasman.com"
"389","peacegarden.blogspot.com"
"390","penheaded.blogspot.com"
"391","pennywit.com/drupal"
"392","permanentred.com"
"393","peskytherat.com/pesky"
"394","phillybri.blogspot.com"
"395","philoponia.blogspot.com"
"396","philosophers-stone.blogspot.com"
"397","philvbblog.blogspot.com"
"398","phoblographer.com"
"399","pinkofeministhellcat.typepad.com/pinko_feminist_hellcat"
"400","planetdave.com/blogs.php3?mid=1"
"401","politicalmonitor.us/blog"
"402","politicalstrategy.org"
"403","politicalthought.net"
"404","politicalwire.com"
"405","politics.feedster.com"
"406","politicswithrichard.blogspot.com"
"407","polizeros.com"
"408","pollsterseek.blogspot.com"
"409","polstate.com"
"410","portapulpit.com"
"411","praguewriter.typepad.com"
"412","presidentboxer.blogspot.com"
"413","prestoncaldwellblog.blogspot.com"
"414","profgoose.blogspot.com"
"415","progressiveink.com"
"416","progressivesociety.com/blog"
"417","proponentofreason.blogspot.com"
"418","prospect.org/weblog"
"419","pudentilla.blogspot.com"
"420","punditician.blogspot.com"
"421","purplestates.blogspot.com"
"422","qando.net"
"423","question-dean.blogspot.com"
"424","radgeek.com"
"425","radikal_papi.pitas.com"
"426","radio.weblogs.com/0131587/categories/flush"
"427","raedinthemiddle.blogspot.com"
"428","reachm.com/amstreet"
"429","readingpost.com"
"430","realitybasednation.com"
"431","red-harvest.blogspot.com"
"432","religiousleft.blogspot.com"
"433","republicoft.typepad.com"
"434","resistoppression.blogspot.com"
"435","restoreamerica.blogspot.com"
"436","retrogrouch.net"
"437","rhetoricrhythm.blogspot.com"
"438","righthandthief.blogspot.com"
"439","rising-hegemon.blogspot.com"
"440","risinghegemon.blogspot.com"
"441","rittenhouse.blogspot.com"
"442","riverbendblog.blogspot.com"
"443","roadtosurfdom.com"
"444","robot-invasion.com"
"445","robschumacher.blogspot.com"
"446","rogerailes.blogspot.com"
"447","rooksrant.com"
"448","rowhouselogic.com"
"449","roxanne.typepad.com"
"450","rudepundit.blogspot.com"
"451","ruminatethis.com"
"452","s88172659.onlinehome.us/spockosbrain.html"
"453","sadlyno.com"
"454","saveoursenate.blogspot.com"
"455","sccdp.org/blog.php"
"456","schadelmann.com"
"457","scoobiedavis.blogspot.com"
"458","scottcsmith.net"
"459","scripting.com"
"460","scrutinyhooligans.blogspot.com"
"461","seeingtheforest.com"
"462","seetheforest.blogspot.com"
"463","sethdmichaels.com"
"464","shakespearessister.blogspot.com"
"465","shamelessantagonist.blogspot.com"
"466","sharedthought.com/weblog"
"467","shininglight.us"
"468","shoegal.modblog.com"
"469","shotofpolitics.blogspot.com"
"470","shrillblog.blogspot.com"
"471","simbaud.blogspot.com"
"472","simplyappalling.blogspot.com"
"473","smirkingchimp.com"
"474","smithersmpls.com"
"475","snunes.blogspot.com"
"476","someonetakethewheel.blogspot.com"
"477","soonerthought.com"
"478","southknoxbubba.net/skblog"
"479","spacedog26.blogspot.com"
"480","spectatorsport.blogspot.com"
"481","stagefour.typepad.com/commonprejudice"
"482","stalinism.com/shot-by-both-sides"
"483","stcfoundation.blogspot.com"
"484","stephenbates.com/yellowdoggereldemocrat"
"485","stevecopy.blogharbor.com"
"486","stevegilliard.blogspot.com"
"487","steveguy.me.uk"
"488","stevemacek.blogspot.com"
"489","stillfighting.blogspot.com"
"490","stitt.blogspot.com"
"491","strangedoctrines.typepad.com"
"492","strangesemantics.blogspot.com"
"493","suburbanguerrilla.blogspot.com"
"494","swamiuptown.com"
"495","swingstateproject.com"
"496","takebackthemedia.com"
"497","talkingpointsmemo.com"
"498","talkleft.com"
"499","tallone.org"
"500","tbogg.blogspot.com"
"501","teenageenthusiast.blogspot.com"
"502","tesibria.typepad.com/democracy_is_coming"
"503","thatcoloredfellasweblog.bloghorn.com"
"504","thatgoodnight.com"
"505","the-goddess.org"
"506","the-hamster.com"
"507","theaggpro.blogspot.com"
"508","theagitator.blogspot.com"
"509","theangryliberal.blogspot.com"
"510","theantibush.org"
"511","theapologist.blogspot.com"
"512","theblogwarrior.blogspot.com"
"513","theblueview.blogspot.com"
"514","thecarpetbaggerreport.com"
"515","thecore4.com"
"516","thefulcrum.blogspot.com"
"517","theleftcoaster.com"
"518","thelucideye.blogspot.com"
"519","thepeach.blogspot.com"
"520","thepoorman.net"
"521","theradiomansays.blogspot.com"
"522","therogueangel.com/blog"
"523","thesnooter.blogspot.com"
"524","thetalentshow.org"
"525","thetalkingdog.com"
"526","thewashingtonnote.com"
"527","theworldaroundyou.com"
"528","thewritewing.blogspot.com"
"529","theyetimn.blogspot.com"
"530","thingsasitis.net"
"531","think2004.com"
"532","thinkingrocks.blogspot.com"
"533","thirdredeye.blogspot.com"
"534","thislousytshirt.net"
"535","thismodernworld.com"
"536","thomasblog.typepad.com/bloggg"
"537","thunewatch.squarespace.com"
"538","tinylittledots.com"
"539","tobyemden.blogspot.com"
"540","tomburka.com"
"541","tomcoburnisabigfatjerk.blogspot.com"
"542","tomherod.blogspot.com"
"543","toteota.blogspot.com"
"544","trainorphans.org"
"545","translucence.org"
"546","travalex.blogspot.com"
"547","tristero.blogspot.com"
"548","trueconservative.typepad.com"
"549","truedemocrat.blogspot.com"
"550","turnpikefeminist.com"
"551","turnspit.com"
"552","uberdude.blogspot.com"
"553","uggabugga.blogspot.com"
"554","unodemocrats.com/blog"
"555","upper-left.blogspot.com"
"556","urbandemocracy.blogspot.com"
"557","urbanecoinc.com/wordpress1"
"558","usademocrazy.blogspot.com"
"559","usliberals.about.com"
"560","vernsblog.thegillfamily.us:8180"
"561","virginiaprogressive.blogspot.com"
"562","vocis.com/frank"
"563","waitingfordorothy.blogspot.com"
"564","wampum.wabanaki.net"
"565","warandpiece.com"
"566","washingtonmonthly.com"
"567","watchingthewatchers.org"
"568","waveflux.net"
"569","weblogs.bakshi.us/redskunk"
"570","whopundit.blogspot.com"
"571","whoviating.blogspot.com"
"572","whyareweback.blogspot.com"
"573","winnegar.blog-city.com"
"574","winthewest.blogspot.com"
"575","woneffe.typepad.com"
"576","wonkette.com"
"577","worldonfire.typepad.com/world_on_fire"
"578","wpblog.ohpinion.com"
"579","wsrblood.typepad.com/wiserblog"
"580","wtpm.blogspot.com"
"581","x-pollen.com/many/blog.html"
"582","xnerg.blogspot.com"
"583","yarsrevenge.blogspot.com"
"584","yglesias.typepad.com/matthew"
"585","yoder.ru"
"586","younglibs.com"
"587","a100wwe.blogspot.com"
"588","absurd-canadian.blogspot.com"
"589","ace.mu.nu"
"590","aceoftrumpblog.blogspot.com"
"591","acepilots.com/mt"
"592","acertainslantoflight.blogspot.com"
"593","achicknamedmarzi.com"
"594","activistchat.com/blogiran"
"595","adeimantus.blogspot.com"
"596","alamodispatches.blogspot.com"
"597","alamonation.blogspot.com"
"598","alarmingnews.com"
"599","aldaron.modblog.com"
"600","aldaynet.org"
"601","alexpelan.blogspot.com"
"602","alittlemoretotheright.com"
"603","all-encompassingly.com"
"604","allahpundit.com"
"605","allthingsmark.com"
"606","alphapatriot.com"
"607","althouse.blogspot.com"
"608","americanchronicle.blogspot.com"
"609","americandigest.org"
"610","americandinosaur.blogspot.com"
"611","americanfuture.typepad.com"
"612","americankernel.com"
"613","americanreport.blogspot.com"
"614","americanthinker.com"
"615","americanwarmonger.blogspot.com"
"616","americanworldview.tripod.com/weltansblog"
"617","amigo13.blogspot.com"
"618","amradio.blogspot.com"
"619","andrewsullivan.com"
"620","andrightlyso.blogspot.com"
"621","angrychineseblogger.blog-city.com"
"622","angrygwn.blogspot.com"
"623","anncoulter.org"
"624","annika.mu.nu"
"625","anothervrwc.blogspot.com"
"626","antijohnkerry.blogspot.com"
"627","antiprotester.blogspot.com"
"628","apologiesdemanded.blogspot.com"
"629","arkanssouri.blogspot.com"
"630","armchairgeneralist.typepad.com"
"631","asmallvictory.net"
"632","asmodeus-space.com/weblog/blog/index.php"
"633","astrosoup.blogspot.com"
"634","athena.blogs.com"
"635","awideawake.blogspot.com"
"636","ayerdis.com/rants.php"
"637","babytrollblog.com"
"638","baldilocks.typepad.com"
"639","balloon-juice.com"
"640","bamapachyderm.blogspot.com"
"641","batr.net"
"642","batr.org/commentary.html"
"643","beautifulatrocities.com"
"644","beefalwayswins.blogspot.com"
"645","beldar.blogs.com/beldarblog"
"646","bellusbellum.info"
"647","belmontclub.blogspot.com"
"648","bensgtusmc.com"
"649","bensworld.patriotforum.org"
"650","bernardmoon.blogspot.com"
"651","betsyspage.blogspot.com"
"652","bidinotto.journalspace.com"
"653","bigfatroid.blogspot.com"
"654","bigjourney.blogspot.com"
"655","billhobbs.com"
"656","billrice.org"
"657","billroggio.com/easongate"
"658","bitheads.blogspot.com"
"659","bittersweetme.net/blog/index.php"
"660","bkennelly.com/vox"
"661","blackmanforbush.blogspot.com"
"662","blindmindseye.com"
"663","blithered.blogspot.com"
"664","blog.nam.org"
"665","blog.ncsweb.us"
"666","blog.so-amazing.net"
"667","blog.willrobinson47.com"
"668","bloghogger.blogspot.com"
"669","blogicus.com"
"670","blogodob.blogspot.com"
"671","blogsagainsthillary.com"
"672","blogsforbush.com"
"673","blogsofwar.com"
"674","blogspirator.blogspot.com"
"675","blubberhollow.com/blog"
"676","blue6golf.blogspot.com"
"677","bluegoldfish.blogs.com/surface"
"678","bluestates.blogspot.com"
"679","bobhayes.net"
"680","boottotheskull.com"
"681","borgardblog.blogspot.com"
"682","brainshavings.com"
"683","brianscott.blogspot.com"
"684","brutallyhonest.org"
"685","buckeyepundit.blogspot.com"
"686","bullmooserepublicans.com/blog"
"687","bushblog.us"
"688","c-pol.blogspot.com"
"689","californiaconservatives4truth.blogspot.com"
"690","calirep.blogspot.com"
"691","calpoly.edu/~doleary/blog.htm"
"692","captainsquartersblog.com/mt"
"693","catscape.com"
"694","cayankee.blogs.com"
"695","cbcbcbcb.blogspot.com"
"696","ccs178.com"
"697","cdharris.net"
"698","cecile.squarespace.com"
"699","celluloid-wisdom.com/pw"
"700","celluloid-wisdom.com/pw/"
"701","centinel.blogspot.com"
"702","chadster.capitalfocus.org"
"703","chainik_hocker.blogspot.com"
"704","charlesking.blogspot.com"
"705","chiefsblog.blogspot.com"
"706","chrenkoff.blogspot.com"
"707","christian-patriot.blogspot.com"
"708","civilcommotion.com"
"709","claycalhoun.com"
"710","claytoncorner.blogspot.com"
"711","clubforgrowth.org/blog"
"712","cmillertime.blogspot.com"
"713","coffee.ondragonswing.com"
"714","commonsenserunswild.typepad.com"
"715","confederateyankee.blogspot.com"
"716","conservativeblogger.com"
"717","conservativecat.com"
"718","conservativedialysis.com"
"719","conservativeeyes.blogspot.com"
"720","conservativelife.com/blog"
"721","conservativenation.us"
"722","conservativeobserver.blogspot.com"
"723","conservativepolitics.blogspot.com"
"724","conservativepunk.com"
"725","conservativepush.blogspot.com"
"726","conservativeresponse.com"
"727","conservativerevolution.com"
"728","conservativezone.blogspot.com"
"729","coxandforkum.com"
"730","cptnwinky.com"
"731","crankybastard.blogspot.com"
"732","crankyneocon.com/crankyneocon"
"733","cubanstories.blogspot.com"
"734","cybermenace.blogspot.com"
"735","cynicalnation.com"
"736","d-42.com"
"737","daddypundit.blogspot.com"
"738","dadougster.blogspot.com"
"739","dailypundit.com"
"740","dailyrecycler.com/blog"
"741","daisycutter.blogspot.com"
"742","dalythoughts.com"
"743","danieldrezner.com/blog"
"744","danzfamily.com"
"745","dartblog.com"
"746","datingrepublicans.com"
"747","deadcantrant.com/blog"
"748","deanesmay.com"
"749","deansjournal.blogspot.com"
"750","decision08.blogspot.com"
"751","denbeste.nu"
"752","depressedlonelybored.typepad.com"
"753","deserttusk.blogspot.com"
"754","devildawg.blogspot.com"
"755","dgci.net"
"756","diggersrealm.com/mt"
"757","dilusionl.blogspot.com"
"758","diplomadic.blogspot.com"
"759","discerningtexan.blogspot.com"
"760","discountblogger.com"
"761","disintegrator.blogspot.com"
"762","dissectleft.blogspot.com"
"763","dizzy-girl.net/index.php"
"764","dmobley.blogspot.com"
"765","dogwooddreams.com/serendipity"
"766","donaldsensing.com"
"767","downtownlad.blogspot.com"
"768","drudgereport.com"
"769","drumwaster.com"
"770","drunkensamurai.blogspot.com"
"771","dummocrats.com"
"772","dynamist.com/weblog"
"773","economicswithaface.com/weblog"
"774","eeg3.com"
"775","ejectejecteject.com"
"776","electionprojection.com"
"777","electricvenom.com"
"778","elevendayempire.com/movabletype"
"779","emilythedog.blogspot.com"
"780","erickohn.com"
"781","erikack.blogspot.com"
"782","etalkinghead.com"
"783","evangelicaloutpost.com"
"784","everythingiknowiswrong.com"
"785","evilpundit.com"
"786","fearfulsymmetry.blogspot.com"
"787","firstdownpolitics.com"
"788","franklog.com"
"789","fraterslibertas.com"
"790","freedomofthought.com"
"791","freerepublic.com"
"792","fringeblog.com"
"793","fritzs-thoughts.blogspot.com"
"794","gaypatriot.blogspot.com"
"795","gccpundit.blogspot.com"
"796","gcruse.typepad.com"
"797","georgewbush.com"
"798","gerberatetra.blogspot.com"
"799","gevkaffeegal.typepad.com/the_alliance"
"800","ghostofaflea.com"
"801","gindy.blogspot.com"
"802","gmscorner.blogspot.com"
"803","godubya.com"
"804","gopandcollege.blogspot.com"
"805","gopandthecity.blogspot.com"
"806","gopbloggers.org"
"807","gopinsight.com"
"808","gotdesign.blogspot.com"
"809","greatestjeneration.com"
"810","grownups.blogspot.com"
"811","gullyborg.typepad.com"
"812","happyhomeschooler.blog-city.com"
"813","hasidicgentile.org"
"814","hathaby.net/weblog.php"
"815","headland.blogspot.com"
"816","healingiraq.blogspot.com"
"817","heavylifting.blogspot.com"
"818","hectorvex.blogspot.com"
"819","henerd.com"
"820","hiddennook.blogspot.com"
"821","hillcountryviews.blogspot.com"
"822","hipublican.com"
"823","hobsonschoice.us"
"824","holecard.blogspot.com"
"825","home.earthlink.net/~techservant"
"826","home.midsouth.rr.com/joefish"
"827","homespunbloggers.blogspot.com"
"828","homicidalmaniak.com"
"829","horologium.net"
"830","hughhewitt.com"
"831","iamaugustus.blogspot.com"
"832","ikilledcheguevara.blogspot.com"
"833","imao.us"
"834","imprescindibile.ilcannocchiale.it"
"835","incite1.blogspot.com"
"836","indcjournal.com"
"837","indepundit.com"
"838","instapundit.com"
"839","interested-participant.blogspot.com"
"840","inthebullpen.com"
"841","iowageek.blogspot.com"
"842","iraqthemodel.blogspot.com"
"843","isdl.blogspot.com"
"844","isdl.weblogs.us"
"845","itscomedowntothis.blogspot.com"
"846","itznewstome.blogspot.com"
"847","jacklewis.net"
"848","janegalt.net"
"849","jchristopherfeng.com"
"850","jeffblanco.blogdrive.com"
"851","jewishworldreview.com"
"852","jg-spot.blogspot.com"
"853","jihadwatch.org"
"854","jlynnsmith30.blogspot.com"
"855","joatmoaf.typepad.com/i_love_jet_noise"
"856","joepublicus.blogspot.com"
"857","johnkerrymustlose.com"
"858","johnnbrown.blogspot.com"
"859","jokerstotheright.blogspot.com"
"860","joshferguson.blogspot.com"
"861","journals.aol.com/lily990016/pissoffliberals"
"862","journals.aol.com/mark24609/myblog"
"863","jperspective.com"
"864","jquinton.com"
"865","jrogg.blogspot.com"
"866","juntoboys.blogspot.com"
"867","justalkin.us"
"868","kalblog.com"
"869","kausfiles.com"
"870","keithy1028.bravejournal.com"
"871","kellipundit.blogspot.com"
"872","kenshepherd.blogspot.com"
"873","kevincourser.blogspot.com"
"874","kimdutoit.com/dr/weblog.php"
"875","king-of-fools.com"
"876","kitchennetwork.blogspot.com"
"877","la4israel.org/wordpress"
"878","ladymac.com"
"879","lahargis.blogspot.com"
"880","larsonreport.com"
"881","lashawnbarber.blogspot.com"
"882","lashawnbarber.com"
"883","laughatliberals.com"
"884","laughingwolf.net"
"885","lawguy.blogspot.com"
"886","valuerightnews.blogspot.com"
"887","leftcoastconservative.blogspot.com"
"888","legendgames.net/myblog.asp"
"889","libertarianjackass.blogspot.com"
"890","littlegreenfootballs.com/weblog"
"891","littlegreenfootballs.com/weblog/weblog.php"
"892","littletinylies.com"
"893","livejournal.com/users/bambenek"
"894","livinginbabylon.blogspot.com"
"895","lonewacko.com"
"896","loosecoin.blogspot.com"
"897","lt-smash.us"
"898","lucianne.com"
"899","luxeword.com"
"900","madanthony.org"
"901","made4theinternet.blogspot.com"
"902","madtechspeaks.blogspot.com"
"903","magnificentfreedom.us"
"904","manifestcontent.net"
"905","mantic.squarespace.com"
"906","mariestwocents.blogspot.com"
"907","markheimonen.blogspot.com"
"908","marknicodemo.blogspot.com"
"909","marksteyn.com"
"910","martinipundit.com"
"911","martydee.com/poligov"
"912","matthewstinson.com/blog"
"913","mattresspolice.com"
"914","maybeithinktoomuch.com"
"915","mdcbowen.org/cobb"
"916","meckz.net"
"917","mementomoron.blogspot.com"
"918","messopotamian.blogspot.com"
"919","metallicity.com/mb.asp"
"920","mhking.mu.nu"
"921","michaeltotten.com"
"922","michellemalkin.com"
"923","midwestrightwingers.blogspot.com"
"924","mikesamerica.blogspot.com"
"925","millers_time.typepad.com"
"926","mindspring.com/~gsb3/blogger.html"
"927","mobile.blogcastlive.com"
"928","moorewatch.com"
"929","mostlycajun.com"
"930","motgs.com"
"931","mtvirtus.blogspot.com"
"932","mudandphud.blogspot.com"
"933","mudvillegazette.com"
"934","musicfromthebluelight.com/b"
"935","mwilliams.info"
"936","my2cent.blogspot.com"
"937","myaisling.blogspot.com"
"938","mycatharsis.com"
"939","mydamascusroad.blogspot.com"
"940","myechochamber.blogspot.com"
"941","mypetjawa.mu.nu"
"942","nashvilletruth.blogspot.com"
"943","nationalbird.net"
"944","nationalcenter.org/blog.html"
"945","nationalnewsregister.com/modules/wordpress"
"946","nationalreview.com/thecorner"
"947","nationalreview.com/thecorner/corner.asp"
"948","neoconservatives.blogspot.com"
"949","neoconswatch.blogspot.com"
"950","neonbrainiac.nu/mt/blog"
"951","nerepublican.blogspot.com"
"952","neverwrongnever.blogspot.com"
"953","newcounterculture.com/log"
"954","newsbloggers.blogspot.com"
"955","newsjungle.blogspot.com"
"956","newsnik.com"
"957","nicedoggie.net"
"958","nickiegoomba.blogspot.com"
"959","nicoladellarciprete.blogs.com"
"960","noguru.tblog.com"
"961","nomayo.mu.nu"
"962","nonboxthinking.blogspot.com"
"963","nykola.com"
"964","o4tom.blogspot.com"
"965","officesmileman.com"
"966","ofthemind.blogspot.com"
"967","ogresview.blogspot.com"
"968","okieonthelam.com"
"969","oldfashionedwhippersnapper.blogspot.com"
"970","onthewire.blogspot.com"
"971","opiniontimes.blogspot.com"
"972","opiniontimes.com"
"973","oppb.com"
"974","orthogonian.blogspot.com"
"975","outsidethebeltway.com"
"976","pajamaeditors.blogspot.com"
"977","pajamahadin.com"
"978","pajamajournalist.blogspot.com"
"979","palominas.blogspot.com"
"980","papadoc.net/pinkflamingobar.html"
"981","pardonmyenglish.com"
"982","patrickmcclarty.blogspot.com"
"983","patrickruffini.com"
"984","patriot-paradox.com"
"985","patriotblog.com"
"986","patriotism101.blogspot.com"
"987","patriotsforbush.com"
"988","patterico.com"
"989","pejmanesque.com"
"990","pennsylvanianinexile.blogspot.com"
"991","perryvsworld.blogspot.com"
"992","philomathean.blogs.com"
"993","piano-tuning.net/blog"
"994","poeticvalues.blogspot.com"
"995","poliblogger.com"
"996","polipundit.com"
"997","politicalanimals.blogspot.com"
"998","politicaldogs.org"
"999","politicalmusings.net"
"1000","politicalpie.modblog.com"
"1001","politicaltracker.com"
"1002","politicaltracker.com/blog/weblog.php"
"1003","politicalvicesquad.blogspot.com"
"1004","poorjustin.blogspot.com"
"1005","poweragerambleson.blogspot.com"
"1006","powerlineblog.com"
"1007","powerpundit.com"
"1008","powervacuum.org"
"1009","presidentreagan.info/discussion"
"1010","professorbainbridge.com"
"1011","prolifeblogs.com"
"1012","propagandamachine.blogspot.com"
"1013","prosandcons.us"
"1014","punditguy.com"
"1015","punditz.journalspace.com"
"1016","qoae.net"
"1017","quante.blogspot.com"
"1018","quibbles-n-bits.com"
"1019","quimundus.modblog.com"
"1020","quimundus.squarespace.com"
"1021","r21online.com"
"1022","r2korn.blogdrive.com"
"1023","rabner.blogspot.com"
"1024","radioequalizer.blogspot.com"
"1025","raincrossblog.com"
"1026","randomjottings.net"
"1027","rant.st"
"1028","ratherbiased.com/news"
"1029","rathergate.com"
"1030","realclearpolitics.com"
"1031","realordeal.blogspot.com"
"1032","rebrand-democrat.txfx.net"
"1033","reckersau.blogspot.com"
"1034","redmindbluestate.blogspot.com"
"1035","rednyc.blogspot.com"
"1036","redstate.org"
"1037","redstatealliance.blogspot.com"
"1038","reggiescorner.blogspot.com"
"1039","regimechangeiran.com"
"1040","renpro.kwcom.net"
"1041","reporterette.com"
"1042","republog.net"
"1043","respublica2004.blogspot.com"
"1044","retiredwarrant.blogdrive.com"
"1045","revone.net/jarhead"
"1046","rfburnhertz.net/rf_blog"
"1047","richmar.blogspot.com"
"1048","right-thinking.com"
"1049","rightmoment.blogspot.com"
"1050","rightonred.net"
"1051","rightperspective.net"
"1052","rightrainbow.com"
"1053","rightstate.blogspot.com"
"1054","rightvoices.com"
"1055","rightwingbastardo.blogspot.com"
"1056","rightwingbob.com"
"1057","rightwingdude.squarespace.com"
"1058","rightwingjournal.blogspot.com"
"1059","rightwingnews.com"
"1060","rightwingthinking.blogspot.com"
"1061","rightwingtroll.blogspot.com"
"1062","rightword.blogspot.com"
"1063","riteturnonly.blogspot.com"
"1064","robbernard.com"
"1065","robertp17.blogspot.com"
"1066","rockpaperscissor.blogspot.com"
"1067","rockpaperscissors.blogs.com"
"1068","rogerlsimon.com"
"1069","romeocat.typepad.com"
"1070","ron-james.com/blog"
"1071","rosenblog.com"
"1072","roseoftheknights.com/yank/pride.html"
"1073","roughstock.blogspot.com"
"1074","ryanshead.com"
"1075","samizdata.net/blog"
"1076","sarcasticsoutherner.blogspot.com"
"1077","sayanythingblog.com"
"1078","scha-den-freu-de.blogspot.com"
"1079","scrappleface.com"
"1080","scrawlville.com"
"1081","sebourn.com/weblog"
"1082","section-31.blogspot.com"
"1083","secureliberty.org/"
"1084","sedenteanimo.com"
"1085","selfish-souls.com/blog"
"1086","sgtstryker.com"
"1087","shadydowns.blogspot.com"
"1088","shakingspears.blogspot.com"
"1089","shallows.blogspot.com"
"1090","sharpeblog.cybercatholics.com"
"1091","shortfatcorporal.blogspot.com"
"1092","sickofliberals.blogspot.com"
"1093","sinfactor.blogspot.com"
"1094","sistertoldjah.com"
"1095","sixmeatbuffet.com"
"1096","slantpoint.com"
"1097","slingsnarrows.erudite-absurdity.com"
"1098","slipofthepen.blogspot.com"
"1099","slowplay.com"
"1100","slublog.blogspot.com"
"1101","smarthomeschool.com"
"1102","smashingzero.blogspot.com"
"1103","smellyduck.blogspot.com"
"1104","sneakeasysjoint.com"
"1105","sondrak.com"
"1106","soundingthetrumpet.blogspot.com"
"1107","southernappeal.blogspot.com"
"1108","southernrightwingextremist.blogspot.com"
"1109","southernwatch.blogspot.com"
"1110","spreadingunderstanding.blogspot.com"
"1111","spydrzweb.blogspot.com"
"1112","squiggler.braveblog.com"
"1113","stan-istan.blogspot.com"
"1114","stealthebandwagon.blogspot.com"
"1115","stillmanvalley.org/aoo"
"1116","stix1972.blogspot.com"
"1117","stmonk.blogspot.com"
"1118","stolenthunder.blogspot.com"
"1119","strategicintelligence.blogspot.com"
"1120","streetlog.typepad.com"
"1121","summation.net"
"1122","sweetgrrrl.blogspot.com"
"1123","swfwithattitude.blogspot.com"
"1124","swiftreport.blogs.com"
"1125","tagorda.com"
"1126","talesofawanderingmind.blogspot.com"
"1127","talkshowamerica.blogspot.com"
"1128","techievampire.net/wppol"
"1129","techtrend.com/blog/taranicole"
"1130","templeofjennifer.com/blog"
"1131","tepid-observer.blogspot.com"
"1132","texasbug.blogspot.com"
"1133","thatliberalmedia.com"
"1134","the-torch.com"
"1135","theamericanmind.com"
"1136","thebloghill.blogspot.com"
"1137","thecommonvirtue.com"
"1138","theconservativezone.com"
"1139","thecrankfiles.blogspot.com"
"1140","thedailygoodnews.com"
"1141","thedispatch.blogspot.com"
"1142","thedonovan.com"
"1143","theglitteringeye.com"
"1144","thejessefactor.blogspot.com"
"1145","thelastword.blogdrive.com"
"1146","theliberalslies.blogspot.com"
"1147","themeofabsence.com"
"1148","theneo-progressive.blogspot.com"
"1149","thenudnikfile.blogspot.com"
"1150","thepatriette.com"
"1151","thepaytons.org/essays/considerettes"
"1152","thepoliticalanimal.com"
"1153","thepoliticalteen.net"
"1154","therightblog.blogspot.com"
"1155","therightcoast.blogspot.com"
"1156","therightwingconspiracy.org"
"1157","therinsecycle.com"
"1158","therostra.blogspot.com"
"1159","thesakeofargument.com"
"1160","thespoonsexperience.com"
"1161","thetarpit.blogspot.com"
"1162","thetemplarpundit.blogspot.com"
"1163","theunderscore.blogspot.com"
"1164","theurbangrind.blogspot.com"
"1165","thevaticanofliberalism.com"
"1166","thinkingright.us"
"1167","thisliberal.com"
"1168","thomasgalvin.blogspot.com"
"1169","thomaswharry.com"
"1170","timblair.net"
"1171","timblair.spleenville.com"
"1172","tokenyoungconservative.blogspot.com"
"1173","tom-hanna.org"
"1174","toneofvoice.blogspot.com"
"1175","totels.com/bush04"
"1176","townhall.com/clog"
"1177","truebluegal.blogspot.com"
"1178","truthlaidbear.com"
"1179","truthliesandcommonsense.blogspot.com"
"1180","truthprobe.blogspot.com"
"1181","tseytlin.blogspot.com"
"1182","tsrightdominion.blogspot.com"
"1183","tuckereskew.typepad.com"
"1184","twentyfirstcenturyrepublican.blogspot.com"
"1185","txfx.net"
"1186","unconventionalwisdom.typepad.com"
"1187","undercaffeinated.com"
"1188","underscorebleach.net/content/jotsheet"
"1189","unfetteredmusings.blogspot.com"
"1190","unusualhabits.blogspot.com"
"1191","usdlaw.blogspot.com"
"1192","variousorthodoxies.com"
"1193","victorhanson.com"
"1194","viewfromaheight.blogspot.com"
"1195","viewfromtonka.blogspot.com"
"1196","viewpointjournal.com"
"1197","vikingpundit.blogspot.com"
"1198","virginiapolitics.blogspot.com"
"1199","vodkapundit.com"
"1200","volokh.com"
"1201","warriorscreed.000k3.com"
"1202","watchandwait.blogspot.com"
"1203","watdanook.blogspot.com"
"1204","web.utk.edu/~agroves"
"1205","wehavesomeplanes.blogspot.com"
"1206","whatsakyer.blogspot.com"
"1207","wholewheatblogger.com"
"1208","wildweasel.blog-city.com"
"1209","williamwebbdotorg.blogspot.com"
"1210","winceandnod.blogspot.com"
"1211","windingroad.typepad.com"
"1212","windsofchange.net"
"1213","wizbangblog.com"
"1214","writehouse.us"
"1215","writingcompany.blogs.com/this_isnt_writing_its_typ"
"1216","xanga.com/lockjawtheogre"
"1217","xtremerightwing.net"
"1218","youngconservative.blogspot.com"
"1219","zebrax.blogs.com"
"1220","zeke01.blogspot.com"
"1221","zeke01.typepad.com"
"1222","zeph1z.tripod.com/blog"
